"tanggal","total_konfirmasi","sembuh","meninggal","aktif","id"
"2020-03-01 0:00:00","2","0","0","2","1"
"2020-03-02 0:00:00","2","0","0","2","2"
"2020-03-03 0:00:00","2","0","1","1","3"
"2020-03-04 0:00:00","4","0","1","3","4"
"2020-03-05 0:00:00","4","0","1","3","5"
"2020-03-06 0:00:00","4","0","1","3","6"
"2020-03-07 0:00:00","4","0","1","3","7"
"2020-03-08 0:00:00","5","0","1","4","8"
"2020-03-09 0:00:00","5","0","1","4","9"
"2020-03-10 0:00:00","6","0","1","5","10"
"2020-03-11 0:00:00","6","0","2","4","11"
"2020-03-12 0:00:00","7","0","2","5","12"
"2020-03-13 0:00:00","12","4","2","6","13"
"2020-03-14 0:00:00","12","4","2","6","14"
"2020-03-15 0:00:00","15","4","2","9","15"
"2020-03-16 0:00:00","15","4","2","9","16"
"2020-03-17 0:00:00","27","4","2","21","17"
"2020-03-18 0:00:00","29","5","3","21","18"
"2020-03-19 0:00:00","37","5","4","28","19"
"2020-03-20 0:00:00","46","5","6","35","20"
"2020-03-21 0:00:00","52","5","6","41","21"
"2020-03-22 0:00:00","55","5","9","41","22"
"2020-03-23 0:00:00","62","5","11","46","23"
"2020-03-24 0:00:00","63","6","11","46","24"
"2020-03-25 0:00:00","67","6","11","50","25"
"2020-03-26 0:00:00","73","6","11","56","26"
"2020-03-27 0:00:00","101","6","14","81","27"
"2020-03-28 0:00:00","123","11","16","96","28"
"2020-03-29 0:00:00","151","12","18","121","29"
"2020-03-30 0:00:00","177","15","18","144","30"
"2020-03-31 0:00:00","186","15","18","153","31"
"2020-04-01 0:00:00","212","18","23","171","32"
"2020-04-02 0:00:00","228","19","27","182","33"
"2020-04-03 0:00:00","230","19","28","183","34"
"2020-04-04 0:00:00","249","19","30","200","35"
"2020-04-05 0:00:00","255","19","30","206","36"
"2020-04-06 0:00:00","266","20","31","215","37"
"2020-04-07 0:00:00","343","23","31","289","38"
"2020-04-08 0:00:00","364","24","36","304","39"
"2020-04-09 0:00:00","374","26","42","306","40"
"2020-04-10 0:00:00","384","26","42","316","41"
"2020-04-11 0:00:00","418","26","42","350","42"
"2020-04-12 0:00:00","448","27","46","375","43"
"2020-04-13 0:00:00","547","31","55","461","44"
"2020-04-14 0:00:00","550","32","55","463","45"
"2020-04-15 0:00:00","579","33","56","490","46"
"2020-04-16 0:00:00","591","40","57","494","47"
"2020-04-17 0:00:00","651","55","60","536","48"
"2020-04-18 0:00:00","660","55","60","545","49"
"2020-04-19 0:00:00","714","60","61","593","50"
"2020-04-20 0:00:00","743","64","64","615","51"
"2020-04-21 0:00:00","752","83","69","600","52"
"2020-04-22 0:00:00","758","87","72","599","53"
"2020-04-23 0:00:00","781","95","75","611","54"
"2020-04-24 0:00:00","855","98","77","680","55"
"2020-04-25 0:00:00","899","100","77","722","56"
"2020-04-26 0:00:00","910","100","77","733","57"
"2020-04-27 0:00:00","949","103","78","768","58"
"2020-04-28 0:00:00","968","106","79","783","59"
"2020-04-29 0:00:00","1006","110","79","817","60"
"2020-04-30 0:00:00","1010","147","83","780","61"
"2020-05-01 0:00:00","1010","149","83","778","62"
"2020-05-02 0:00:00","1041","151","84","806","63"
"2020-05-03 0:00:00","1052","155","85","812","64"
"2020-05-04 0:00:00","1248","162","86","1000","65"
"2020-05-05 0:00:00","1296","170","87","1039","66"
"2020-05-06 0:00:00","1316","180","90","1046","67"
"2020-05-07 0:00:00","1377","185","90","1102","68"
"2020-05-08 0:00:00","1400","187","92","1121","69"
"2020-05-09 0:00:00","1431","205","95","1131","70"
"2020-05-10 0:00:00","1431","205","95","1131","71"
"2020-05-11 0:00:00","1486","216","98","1172","72"
"2020-05-12 0:00:00","1542","216","98","1228","73"
"2020-05-13 0:00:00","1550","240","98","1212","74"
"2020-05-14 0:00:00","1559","245","99","1215","75"
"2020-05-15 0:00:00","1590","262","100","1228","76"
"2020-05-16 0:00:00","1615","263","100","1252","77"
"2020-05-17 0:00:00","1646","321","110","1215","78"
"2020-05-18 0:00:00","1673","398","123","1152","79"
"2020-05-19 0:00:00","1694","412","124","1158","80"
"2020-05-20 0:00:00","1870","413","124","1333","81"
"2020-05-21 0:00:00","1956","423","124","1409","82"
"2020-05-22 0:00:00","1996","433","125","1438","83"
"2020-05-23 0:00:00","2039","471","127","1441","84"
"2020-05-24 0:00:00","2085","479","128","1478","85"
"2020-05-25 0:00:00","2107","479","128","1500","86"
"2020-05-26 0:00:00","2124","505","137","1482","87"
"2020-05-27 0:00:00","2151","541","142","1468","88"
"2020-05-28 0:00:00","2176","586","142","1448","89"
"2020-05-29 0:00:00","2208","592","142","1474","90"
"2020-05-30 0:00:00","2228","616","144","1468","91"
"2020-05-31 0:00:00","2258","619","144","1495","92"
"2020-06-01 0:00:00","2295","619","144","1532","93"
"2020-06-02 0:00:00","2313","648","151","1514","94"
"2020-06-03 0:00:00","2343","701","154","1488","95"
"2020-06-04 0:00:00","2351","719","155","1477","96"
"2020-06-05 0:00:00","2363","763","158","1442","97"
"2020-06-06 0:00:00","2373","778","158","1437","98"
"2020-06-07 0:00:00","2401","877","158","1366","99"
"2020-06-08 0:00:00","2421","951","161","1309","100"
"2020-06-09 0:00:00","2454","962","161","1331","101"
"2020-06-10 0:00:00","2505","995","161","1349","102"
"2020-06-11 0:00:00","2551","1016","161","1374","103"
"2020-06-12 0:00:00","2569","1057","161","1351","104"
"2020-06-13 0:00:00","2584","1092","161","1331","105"
"2020-06-14 0:00:00","2601","1135","161","1305","106"
"2020-06-15 0:00:00","2620","1142","162","1316","107"
"2020-06-16 0:00:00","2659","1151","162","1346","108"
"2020-06-17 0:00:00","2703","1177","169","1357","109"
"2020-06-18 0:00:00","2756","1231","171","1354","110"
"2020-06-19 0:00:00","2805","1261","171","1373","111"
"2020-06-20 0:00:00","2823","1261","171","1391","112"
"2020-06-21 0:00:00","2843","1263","171","1409","113"
"2020-06-22 0:00:00","2864","1287","171","1406","114"
"2020-06-23 0:00:00","2898","1317","171","1410","115"
"2020-06-24 0:00:00","2939","1326","171","1442","116"
"2020-06-25 0:00:00","2975","1388","173","1414","117"
"2020-06-26 0:00:00","3012","1498","175","1339","118"
"2020-06-27 0:00:00","3059","1513","175","1371","119"
"2020-06-28 0:00:00","3089","1520","175","1394","120"
"2020-06-29 0:00:00","3137","1522","175","1440","121"
"2020-06-30 0:00:00","3222","1607","176","1439","122"
"2020-07-01 0:00:00","3280","1622","177","1481","123"
"2020-07-02 0:00:00","3346","1665","177","1504","124"
"2020-07-03 0:00:00","3375","1670","177","1528","125"
"2020-07-04 0:00:00","3468","1687","177","1604","126"
"2020-07-05 0:00:00","3574","1702","177","1695","127"
"2020-07-06 0:00:00","3700","1718","178","1804","128"
"2020-07-07 0:00:00","3782","1763","180","1839","129"
"2020-07-08 0:00:00","3881","1784","182","1915","130"
"2020-07-09 0:00:00","4846","1811","186","2849","131"
"2020-07-10 0:00:00","4954","1839","186","2929","132"
"2020-07-11 0:00:00","5027","1867","186","2974","133"
"2020-07-12 0:00:00","5077","1877","186","3014","134"
"2020-07-13 0:00:00","5161","1896","186","3079","135"
"2020-07-14 0:00:00","5235","1924","186","3125","136"
"2020-07-15 0:00:00","5310","2065","187","3058","137"
"2020-07-16 0:00:00","5349","2103","187","3059","138"
"2020-07-17 0:00:00","5401","2144","188","3069","139"
"2020-07-18 0:00:00","5461","2175","190","3096","140"
"2020-07-19 0:00:00","5488","2179","190","3119","141"
"2020-07-20 0:00:00","5598","2318","195","3085","142"
"2020-07-21 0:00:00","5709","2398","201","3110","143"
"2020-07-22 0:00:00","5764","2440","205","3119","144"
"2020-07-23 0:00:00","5824","2453","206","3165","145"
"2020-07-24 0:00:00","5915","2472","206","3237","146"
"2020-07-25 0:00:00","5988","2506","206","3276","147"
"2020-07-26 0:00:00","6039","2529","206","3304","148"
"2020-07-27 0:00:00","6090","2941","206","2943","149"
"2020-07-28 0:00:00","6218","3568","206","2444","150"
"2020-07-29 0:00:00","6314","3616","208","2490","151"
"2020-07-30 0:00:00","6461","3950","210","2301","152"
"2020-07-31 0:00:00","6532","3967","210","2355","153"
"2020-08-01 0:00:00","6584","3986","210","2388","154"
"2020-08-02 0:00:00","6637","3993","210","2434","155"
"2020-08-03 0:00:00","6693","4041","210","2442","156"
"2020-08-04 0:00:00","6787","4211","216","2360","157"
"2020-08-05 0:00:00","6912","4221","216","2475","158"
"2020-08-06 0:00:00","6995","4253","217","2525","159"
"2020-08-07 0:00:00","7147","4316","221","2610","160"
"2020-08-08 0:00:00","7387","4353","224","2810","161"
"2020-08-09 0:00:00","7566","4418","228","2920","162"
"2020-08-10 0:00:00","7599","4445","228","2926","163"
"2020-08-11 0:00:00","7694","4484","232","2978","164"
"2020-08-12 0:00:00","7803","4555","233","3015","165"
"2020-08-13 0:00:00","7914","4584","234","3096","166"
"2020-08-14 0:00:00","8275","4592","236","3447","167"
"2020-08-15 0:00:00","8512","4628","236","3648","168"
"2020-08-16 0:00:00","8595","4669","238","3688","169"
"2020-08-17 0:00:00","8640","4714","239","3687","170"
"2020-08-18 0:00:00","8685","4730","239","3716","171"
"2020-08-19 0:00:00","8789","4778","243","3768","172"
"2020-08-20 0:00:00","8988","4849","245","3894","173"
"2020-08-21 0:00:00","9081","4971","253","3857","174"
"2020-08-22 0:00:00","9215","5152","259","3804","175"
"2020-08-23 0:00:00","9283","5669","260","3354","176"
"2020-08-24 0:00:00","9420","5877","262","3281","177"
"2020-08-25 0:00:00","9670","5882","263","3525","178"
"2020-08-26 0:00:00","9848","5912","263","3673","179"
"2020-08-27 0:00:00","10002","5998","263","3741","180"
"2020-08-28 0:00:00","10528","6065","265","4198","181"
"2020-08-29 0:00:00","10815","6073","265","4477","182"
"2020-08-30 0:00:00","10918","6094","265","4559","183"
"2020-08-31 0:00:00","11063","6151","273","4639","184"
"2020-09-01 0:00:00","11278","6203","275","4800","185"
"2020-09-02 0:00:00","11481","6340","276","4865","186"
"2020-09-03 0:00:00","11719","6370","280","5069","187"
"2020-09-04 0:00:00","12104","6456","281","5367","188"
"2020-09-05 0:00:00","12332","6501","281","5550","189"
"2020-09-06 0:00:00","12505","6555","281","5669","190"
"2020-09-07 0:00:00","12709","6643","281","5785","191"
"2020-09-08 0:00:00","13045","6719","283","6043","192"
"2020-09-09 0:00:00","13333","6767","286","6280","193"
"2020-09-10 0:00:00","13668","6876","286","6506","194"
"2020-09-11 0:00:00","13940","7162","293","6485","195"
"2020-09-12 0:00:00","14231","7494","294","6443","196"
"2020-09-13 0:00:00","14388","7686","299","6403","197"
"2020-09-14 0:00:00","14591","7850","299","6442","198"
"2020-09-15 0:00:00","14938","8106","305","6527","199"
"2020-09-16 0:00:00","15231","8319","306","6606","200"
"2020-09-17 0:00:00","15584","8650","309","6625","201"
"2020-09-18 0:00:00","15925","8938","311","6676","202"
"2020-09-19 0:00:00","16395","9492","311","6592","203"
"2020-09-20 0:00:00","16822","9911","317","6594","204"
"2020-09-21 0:00:00","17502","10168","319","7015","205"
"2020-09-22 0:00:00","18077","10756","330","6991","206"
"2020-09-23 0:00:00","18593","10926","343","7324","207"
"2020-09-24 0:00:00","19397","11175","355","7867","208"
"2020-09-25 0:00:00","20131","12023","368","7740","209"
"2020-09-26 0:00:00","20517","12645","386","7486","210"
"2020-09-27 0:00:00","20954","12875","387","7692","211"
"2020-09-28 0:00:00","21443","13182","390","7871","212"
"2020-09-29 0:00:00","21759","13280","405","8074","213"
"2020-09-30 0:00:00","22205","13650","420","8135","214"
"2020-10-01 0:00:00","22764","13778","435","8551","215"
"2020-10-02 0:00:00","23308","13963","450","8895","216"
"2020-10-03 0:00:00","23651","14058","465","9128","217"
"2020-10-04 0:00:00","23899","14137","480","9282","218"
"2020-10-05 0:00:00","24402","14927","495","8980","219"
"2020-10-06 0:00:00","24910","15128","511","9271","220"
"2020-10-07 0:00:00","25662","15641","524","9497","221"
"2020-10-08 0:00:00","26259","15966","527","9766","222"
"2020-10-09 0:00:00","26763","16529","529","9705","223"
"2020-10-10 0:00:00","27031","16907","530","9594","224"
"2020-10-11 0:00:00","27236","17462","530","9244","225"
"2020-10-12 0:00:00","27522","17700","539","9283","226"
"2020-10-13 0:00:00","28087","18269","539","9279","227"
"2020-10-14 0:00:00","28529","18793","552","9184","228"
"2020-10-15 0:00:00","29119","19097","559","9463","229"
"2020-10-16 0:00:00","29543","19484","559","9500","230"
"2020-10-17 0:00:00","30043","19924","559","9560","231"
"2020-10-18 0:00:00","30254","20269","559","9426","232"
"2020-10-19 0:00:00","30778","20608","580","9590","233"
"2020-10-20 0:00:00","31250","20821","600","9829","234"
"2020-10-21 0:00:00","31907","21371","616","9920","235"
"2020-10-22 0:00:00","32643","21703","639","10301","236"
"2020-10-23 0:00:00","33147","22022","649","10476","237"
"2020-10-24 0:00:00","33568","22676","668","10224","238"
"2020-10-25 0:00:00","33924","23143","679","10102","239"
"2020-10-26 0:00:00","34355","23585","694","10076","240"
"2020-10-27 0:00:00","34745","24140","708","9897","241"
"2020-10-28 0:00:00","35148","24507","714","9927","242"
"2020-10-29 0:00:00","35607","24999","714","9894","243"
"2020-10-30 0:00:00","35927","25355","718","9854","244"
"2020-10-31 0:00:00","36338","25644","719","9975","245"
"2020-11-01 0:00:00","36583","26282","721","9580","246"
"2020-11-02 0:00:00","36924","26671","732","9521","247"
"2020-11-03 0:00:00","37408","27058","737","9613","248"
"2020-11-04 0:00:00","37924","27348","752","9824","249"
"2020-11-05 0:00:00","38551","27728","761","10062","250"
"2020-11-06 0:00:00","39138","28179","761","10198","251"
"2020-11-07 0:00:00","39614","28641","761","10212","252"
"2020-11-08 0:00:00","40093","29266","762","10065","253"
"2020-11-09 0:00:00","40423","30186","764","9473","254"
"2020-11-10 0:00:00","41171","31091","769","9311","255"
"2020-11-11 0:00:00","41839","31525","774","9540","256"
"2020-11-12 0:00:00","42572","32049","795","9728","257"
"2020-11-13 0:00:00","43373","32429","802","10142","258"
"2020-11-14 0:00:00","44182","32901","804","10477","259"
"2020-11-15 0:00:00","44491","33924","804","9763","260"
"2020-11-16 0:00:00","45049","34648","827","9574","261"
"2020-11-17 0:00:00","45697","35445","850","9402","262"
"2020-11-18 0:00:00","46062","36222","854","8986","263"
"2020-11-19 0:00:00","46456","36662","863","8931","264"
"2020-11-20 0:00:00","47328","37688","865","8775","265"
"2020-11-21 0:00:00","47692","38318","865","8509","266"
"2020-11-22 0:00:00","48064","39011","866","8187","267"
"2020-11-23 0:00:00","48666","40024","868","7774","268"
"2020-11-24 0:00:00","48965","40452","872","7641","269"
"2020-11-25 0:00:00","49706","41220","878","7608","270"
"2020-11-26 0:00:00","50482","41932","882","7668","271"
"2020-11-27 0:00:00","51181","42714","887","7580","272"
"2020-11-28 0:00:00","51548","43572","892","7084","273"
"2020-11-29 0:00:00","51776","44346","898","6532","274"
"2020-11-30 0:00:00","52517","45047","909","6561","275"
"2020-12-01 0:00:00","53395","45763","922","6710","276"
"2020-12-02 0:00:00","54159","46149","926","7084","277"
"2020-12-03 0:00:00","55807","46402","947","8458","278"
"2020-12-04 0:00:00","56799","46781","951","9067","279"
"2020-12-05 0:00:00","57885","47466","955","9464","280"
"2020-12-06 0:00:00","59273","48591","962","9720","281"
"2020-12-07 0:00:00","60444","49656","971","9817","282"
"2020-12-08 0:00:00","61175","50398","977","9800","283"
"2020-12-09 0:00:00","62083","50944","993","10146","284"
"2020-12-10 0:00:00","63043","51727","1025","10291","285"
"2020-12-11 0:00:00","64072","52639","1046","10387","286"
"2020-12-12 0:00:00","65355","53642","1052","10661","287"
"2020-12-13 0:00:00","66210","54276","1057","10877","288"
"2020-12-14 0:00:00","66810","55129","1072","10609","289"
"2020-12-15 0:00:00","68066","56269","1080","10717","290"
"2020-12-16 0:00:00","69500","57289","1081","11130","291"
"2020-12-17 0:00:00","70777","58187","1092","11498","292"
"2020-12-18 0:00:00","71764","59118","1093","11553","293"
"2020-12-19 0:00:00","72896","59754","1094","12048","294"
"2020-12-20 0:00:00","73948","60940","1095","11913","295"
"2020-12-21 0:00:00","74664","61570","1099","11995","296"
"2020-12-22 0:00:00","75589","62341","1102","12146","297"
"2020-12-23 0:00:00","76492","63296","1104","12092","298"
"2020-12-24 0:00:00","77194","63788","1114","12292","299"
"2020-12-25 0:00:00","78097","64513","1114","12470","300"
"2020-12-26 0:00:00","78698","65191","1114","12393","301"
"2020-12-27 0:00:00","79590","66363","1157","12070","302"
"2020-12-28 0:00:00","79993","67195","1157","11641","303"
"2020-12-29 0:00:00","81322","68353","1159","11810","304"
"2020-12-30 0:00:00","82555","69561","1161","11833","305"
"2020-12-31 0:00:00","83579","70788","1172","11619","306"
"2021-01-01 0:00:00","85083","71998","1175","11910","307"
"2021-01-02 0:00:00","86250","72914","1176","12160","308"
"2021-01-03 0:00:00","87482","74031","1178","12273","309"
"2021-01-04 0:00:00","88561","75075","1180","12306","310"
"2021-01-05 0:00:00","89661","76158","1188","12315","311"
"2021-01-06 0:00:00","91131","77521","1199","12411","312"
"2021-01-07 0:00:00","92547","78729","1201","12617","313"
"2021-01-08 0:00:00","94371","79643","1205","13523","314"
"2021-01-09 0:00:00","96102","80822","1211","14069","315"
"2021-01-10 0:00:00","97570","81774","1219","14577","316"
"2021-01-11 0:00:00","99045","82834","1230","14981","317"
"2021-01-12 0:00:00","100585","83804","1245","15536","318"
"2021-01-13 0:00:00","102340","84872","1256","16212","319"
"2021-01-14 0:00:00","104541","86242","1267","17032","320"
"2021-01-15 0:00:00","107636","87316","1294","19026","321"
"2021-01-16 0:00:00","111096","89459","1336","20301","322"
"2021-01-17 0:00:00","112587","91041","1347","20199","323"
"2021-01-18 0:00:00","114072","92664","1375","20033","324"
"2021-01-19 0:00:00","115756","94026","1399","20331","325"
"2021-01-20 0:00:00","117570","95510","1412","20648","326"
"2021-01-21 0:00:00","118798","97094","1485","20219","327"
"2021-01-22 0:00:00","121239","98455","1493","21291","328"
"2021-01-23 0:00:00","123048","100574","1509","20965","329"
"2021-01-24 0:00:00","125376","102341","1517","21518","330"
"2021-01-25 0:00:00","127398","103572","1519","22307","331"
"2021-01-26 0:00:00","131322","105820","1532","23970","332"
"2021-01-27 0:00:00","134520","107620","1638","25262","333"
"2021-01-28 0:00:00","139052","109910","1838","27304","334"
"2021-01-29 0:00:00","142887","112148","1843","28896","335"
"2021-01-30 0:00:00","147488","114791","1870","30827","336"
"2021-01-31 0:00:00","150336","117251","1932","31153","337"
"2021-02-01 0:00:00","153302","119798","1937","31567","338"
"2021-02-02 0:00:00","155370","122108","1985","31277","339"
"2021-02-03 0:00:00","157611","123998","1995","31618","340"
"2021-02-04 0:00:00","159631","126364","2005","31262","341"
"2021-02-05 0:00:00","161748","129038","2033","30677","342"
"2021-02-06 0:00:00","165719","132155","2037","31527","343"
"2021-02-07 0:00:00","167707","134255","2039","31413","344"
"2021-02-08 0:00:00","169207","137390","2051","29766","345"
"2021-02-09 0:00:00","169982","139606","2068","28308","346"
"2021-02-10 0:00:00","170642","140665","2084","27893","347"
"2021-02-11 0:00:00","171701","141792","2102","27807","348"
"2021-02-12 0:00:00","172384","143374","2107","26903","349"
"2021-02-13 0:00:00","174121","145857","2109","26155","350"
"2021-02-14 0:00:00","175003","147551","2113","25339","351"
"2021-02-15 0:00:00","175950","148816","2118","25016","352"
"2021-02-16 0:00:00","179982","150916","2132","26934","353"
"2021-02-17 0:00:00","184106","153619","2135","28352","354"
"2021-02-18 0:00:00","188526","156868","2144","29514","355"
"2021-02-19 0:00:00","192373","159519","2169","30685","356"
"2021-02-20 0:00:00","193348","161047","2174","30127","357"
"2021-02-21 0:00:00","194369","162670","2178","29521","358"
"2021-02-22 0:00:00","198181","165502","2194","30485","359"
"2021-02-23 0:00:00","202515","167551","2217","32747","360"
"2021-02-24 0:00:00","204706","168930","2224","33552","361"
"2021-02-25 0:00:00","207252","169996","2297","34959","362"
"2021-02-26 0:00:00","209566","170864","2304","36398","363"
"2021-02-27 0:00:00","210442","171515","2309","36618","364"
"2021-02-28 0:00:00","211212","172049","2360","36803","365"
"2021-03-01 0:00:00","212874","173741","2364","36769","366"
"2021-03-02 0:00:00","214529","175980","2413","36136","367"
"2021-03-03 0:00:00","216423","178213","2462","35748","368"
"2021-03-04 0:00:00","218154","179430","2507","36217","369"
"2021-03-05 0:00:00","219940","181128","2514","36298","370"
"2021-03-06 0:00:00","221034","182453","2515","36066","371"
"2021-03-07 0:00:00","222400","182991","2517","36892","372"
"2021-03-08 0:00:00","224139","184900","2589","36650","373"
"2021-03-09 0:00:00","225926","185877","2639","37410","374"
"2021-03-10 0:00:00","227496","187122","2663","37711","375"
"2021-03-11 0:00:00","228277","191334","2669","34274","376"
"2021-03-12 0:00:00","229634","193816","2712","33106","377"
"2021-03-13 0:00:00","230559","195407","2714","32438","378"
"2021-03-14 0:00:00","231692","196353","2720","32619","379"
"2021-03-15 0:00:00","233026","197925","2740","32361","380"
"2021-03-16 0:00:00","234643","200046","2775","31822","381"
"2021-03-17 0:00:00","235990","204196","2811","28983","382"
"2021-03-18 0:00:00","237251","205366","2855","29030","383"
"2021-03-19 0:00:00","238612","206323","2889","29400","384"
"2021-03-20 0:00:00","239434","208035","2896","28503","385"
"2021-03-21 0:00:00","239951","209360","2917","27674","386"
"2021-03-22 0:00:00","241204","210413","2965","27826","387"
"2021-03-23 0:00:00","242420","211807","3006","27607","388"
"2021-03-24 0:00:00","243749","214276","3013","26460","389"
"2021-03-25 0:00:00","244921","215423","3025","26473","390"
"2021-03-26 0:00:00","245776","216918","3026","25832","391"
"2021-03-27 0:00:00","246252","218100","3128","25024","392"
"2021-03-28 0:00:00","246786","218939","3135","24712","393"
"2021-03-29 0:00:00","248396","220309","3141","24946","394"
"2021-03-30 0:00:00","249307","221351","3149","24807","395"
"2021-03-31 0:00:00","250282","222073","3155","25054","396"
"2021-04-01 0:00:00","251186","223230","3230","24726","397"
"2021-04-02 0:00:00","251847","223713","3235","24899","398"
"2021-04-03 0:00:00","252207","224102","3240","24865","399"
"2021-04-04 0:00:00","252545","224396","3244","24905","400"
"2021-04-05 0:00:00","253455","225088","3249","25118","401"
"2021-04-06 0:00:00","254419","225732","3318","25369","402"
"2021-04-07 0:00:00","255230","226467","3320","25443","403"
"2021-04-08 0:00:00","255903","227649","3333","24921","404"
"2021-04-09 0:00:00","256834","228101","3355","25378","405"
"2021-04-10 0:00:00","257831","228578","3362","25891","406"
"2021-04-11 0:00:00","258578","229243","3367","25968","407"
"2021-04-12 0:00:00","260048","229595","3392","27061","408"
"2021-04-13 0:00:00","261504","230668","3415","27421","409"
"2021-04-14 0:00:00","263072","231337","3432","28303","410"
"2021-04-15 0:00:00","264288","232688","3474","28126","411"
"2021-04-16 0:00:00","265286","233300","3479","28507","412"
"2021-04-17 0:00:00","266118","233996","3488","28634","413"
"2021-04-18 0:00:00","266887","234403","3497","28987","414"
"2021-04-19 0:00:00","268308","235256","3505","29547","415"
"2021-04-20 0:00:00","269707","235905","3520","30282","416"
"2021-04-21 0:00:00","270711","238213","3564","28934","417"
"2021-04-22 0:00:00","272069","239551","3592","28926","418"
"2021-04-23 0:00:00","273135","240582","3615","28938","419"
"2021-04-24 0:00:00","273765","241572","3638","28555","420"
"2021-04-25 0:00:00","274448","241969","3645","28834","421"
"2021-04-26 0:00:00","276389","242804","3661","29924","422"
"2021-04-27 0:00:00","277553","243650","3678","30225","423"
"2021-04-28 0:00:00","278907","244681","3692","30534","424"
"2021-04-29 0:00:00","280026","245826","3717","30483","425"
"2021-04-30 0:00:00","281205","247005","3746","30454","426"
"2021-05-01 0:00:00","281959","247765","3751","30443","427"
"2021-05-02 0:00:00","282631","248247","3758","30626","428"
"2021-05-03 0:00:00","283923","249191","3774","30958","429"
"2021-05-04 0:00:00","284835","250576","3798","30461","430"
"2021-05-05 0:00:00","285830","251863","3823","30144","431"
"2021-05-06 0:00:00","286868","253451","3829","29588","432"
"2021-05-07 0:00:00","288821","254784","3864","30173","433"
"2021-05-08 0:00:00","291030","256768","3868","30394","434"
"2021-05-09 0:00:00","291522","257325","3876","30321","435"
"2021-05-10 0:00:00","292592","259629","3892","29071","436"
"2021-05-11 0:00:00","293965","260702","3910","29353","437"
"2021-05-12 0:00:00","294779","261455","3932","29392","438"
"2021-05-13 0:00:00","295179","262056","3942","29181","439"
"2021-05-14 0:00:00","295789","262741","3944","29104","440"
"2021-05-15 0:00:00","296512","263313","3953","29246","441"
"2021-05-16 0:00:00","297304","263755","3959","29590","442"
"2021-05-17 0:00:00","298665","264898","3985","29782","443"
"2021-05-18 0:00:00","299784","266505","4024","29255","444"
"2021-05-19 0:00:00","301003","268027","4032","28944","445"
"2021-05-20 0:00:00","302335","269351","4046","28938","446"
"2021-05-21 0:00:00","303420","270835","4062","28523","447"
"2021-05-22 0:00:00","304417","271474","4077","28866","448"
"2021-05-23 0:00:00","305387","272187","4083","29117","449"
"2021-05-24 0:00:00","306807","273637","4102","29068","450"
"2021-05-25 0:00:00","307831","274659","4115","29057","451"
"2021-05-26 0:00:00","308491","275321","4125","29045","452"
"2021-05-27 0:00:00","309861","276378","4140","29343","453"
"2021-05-28 0:00:00","311067","277299","4158","29610","454"
"2021-05-29 0:00:00","311994","278192","4165","29637","455"
"2021-05-30 0:00:00","312633","278673","4175","29785","456"
"2021-05-31 0:00:00","313949","279873","4199","29877","457"
"2021-06-01 0:00:00","314841","281914","4209","28718","458"
"2021-06-02 0:00:00","315771","284791","4231","26749","459"
"2021-06-03 0:00:00","316947","292432","4257","20258","460"
"2021-06-04 0:00:00","317899","294168","4281","19450","461"
"2021-06-05 0:00:00","318892","294870","4297","19725","462"
"2021-06-06 0:00:00","319761","295224","4312","20225","463"
"2021-06-07 0:00:00","321551","296198","4334","21019","464"
"2021-06-08 0:00:00","322624","297194","4360","21070","465"
"2021-06-09 0:00:00","324186","298044","4370","21772","466"
"2021-06-10 0:00:00","325520","299304","4389","21827","467"
"2021-06-11 0:00:00","326822","300765","4403","21654","468"
"2021-06-12 0:00:00","327698","301533","4415","21750","469"
"2021-06-13 0:00:00","328940","302245","4424","22271","470"
"2021-06-14 0:00:00","330472","303998","4440","22034","471"
"2021-06-15 0:00:00","332265","305285","4451","22529","472"
"2021-06-16 0:00:00","334864","306796","4466","23602","473"
"2021-06-17 0:00:00","337664","307892","4483","25289","474"
"2021-06-18 0:00:00","340455","309184","4532","26739","475"
"2021-06-19 0:00:00","342559","310230","4547","27782","476"
"2021-06-20 0:00:00","344568","311203","4609","28756","477"
"2021-06-21 0:00:00","347287","312448","4637","30202","478"
"2021-06-22 0:00:00","350719","313442","4706","32571","479"
"2021-06-23 0:00:00","353629","314472","4744","34413","480"
"2021-06-24 0:00:00","356682","316139","4826","35717","481"
"2021-06-25 0:00:00","360528","317399","4910","38219","482"
"2021-06-26 0:00:00","364315","318595","4984","40736","483"
"2021-06-27 0:00:00","368303","319790","5077","43436","484"
"2021-06-28 0:00:00","373074","320963","5150","46961","485"
"2021-06-29 0:00:00","376982","322103","5262","49617","486"
"2021-06-30 0:00:00","381455","324278","5352","51825","487"
"2021-07-01 0:00:00","387634","325562","5417","56655","488"
"2021-07-02 0:00:00","392554","327135","5454","59965","489"
"2021-07-03 0:00:00","397947","329410","5492","63045","490"
"2021-07-04 0:00:00","402405","331517","5558","65330","491"
"2021-07-05 0:00:00","409376","333183","5597","70596","492"
"2021-07-06 0:00:00","416615","336707","5645","74263","493"
"2021-07-07 0:00:00","425206","340412","5712","79082","494"
"2021-07-08 0:00:00","432978","343671","5848","83459","495"
"2021-07-09 0:00:00","440377","348621","6008","85748","496"
"2021-07-10 0:00:00","445303","352620","6172","86511","497"
"2021-07-11 0:00:00","452007","356203","6441","89363","498"
"2021-07-12 0:00:00","459949","360652","6616","92681","499"
"2021-07-13 0:00:00","467141","364822","6760","95559","500"
"2021-07-14 0:00:00","477585","368941","6902","101742","501"
"2021-07-15 0:00:00","488686","374078","7028","107580","502"
"2021-07-16 0:00:00","499416","381417","7165","110834","503"
"2021-07-17 0:00:00","508814","386308","7249","115257","504"
"2021-07-18 0:00:00","516591","390203","7340","119048","505"
"2021-07-19 0:00:00","523878","395421","7422","121035","506"
"2021-07-20 0:00:00","530806","398488","7492","124826","507"
"2021-07-21 0:00:00","536756","405350","7611","123795","508"
"2021-07-22 0:00:00","547255","412638","7752","126865","509"
"2021-07-23 0:00:00","556180","419513","7908","128759","510"
"2021-07-24 0:00:00","563767","426222","8023","129522","511"
"2021-07-25 0:00:00","569069","431363","8146","129560","512"
"2021-07-26 0:00:00","573437","436218","8372","128847","513"
"2021-07-27 0:00:00","582026","445558","8681","127787","514"
"2021-07-28 0:00:00","590392","453625","8886","127881","515"
"2021-07-29 0:00:00","597911","461470","9096","127345","516"
"2021-07-30 0:00:00","604823","468907","9184","126732","517"
"2021-07-31 0:00:00","609027","475838","9363","123826","518"
"2021-08-01 0:00:00","611796","479279","9552","122965","519"
"2021-08-02 0:00:00","614137","485491","9679","118967","520"
"2021-08-03 0:00:00","618438","490545","9818","118075","521"
"2021-08-04 0:00:00","622432","495923","9960","116549","522"
"2021-08-05 0:00:00","627150","505555","10133","111462","523"
"2021-08-06 0:00:00","631730","513583","10240","107907","524"
"2021-08-07 0:00:00","634734","518502","10319","105913","525"
"2021-08-08 0:00:00","636982","537305","10377","89300","526"
"2021-08-09 0:00:00","639404","546105","10497","82802","527"
"2021-08-10 0:00:00","643567","553546","10988","79033","528"
"2021-08-11 0:00:00","646741","561666","11108","73967","529"
"2021-08-12 0:00:00","648609","566185","11198","71226","530"
"2021-08-13 0:00:00","651577","574944","11268","65365","531"
"2021-08-14 0:00:00","653741","577430","11311","65000","532"
"2021-08-15 0:00:00","655040","579529","11357","64154","533"
"2021-08-16 0:00:00","657135","583686","11422","62027","534"
"2021-08-17 0:00:00","658778","587580","11512","59686","535"
"2021-08-18 0:00:00","660155","592258","11560","56337","536"
"2021-08-19 0:00:00","663421","598938","11799","52684","537"
"2021-08-20 0:00:00","666163","602009","12067","52087","538"
"2021-08-21 0:00:00","667910","603663","12410","51837","539"
"2021-08-22 0:00:00","669102","605493","12469","51140","540"
"2021-08-23 0:00:00","670585","607095","12506","50984","541"
"2021-08-24 0:00:00","675839","621347","12820","41672","542"
"2021-08-25 0:00:00","681303","634833","13090","33380","543"
"2021-08-26 0:00:00","686361","645331","13325","27705","544"
"2021-08-27 0:00:00","687710","647893","13350","26467","545"
"2021-08-28 0:00:00","688666","649545","13379","25742","546"
"2021-08-29 0:00:00","689290","651098","13391","24801","547"
"2021-08-30 0:00:00","689796","653758","13441","22597","548"
"2021-08-31 0:00:00","690923","656045","13478","21400","549"
"2021-09-01 0:00:00","692178","657824","13531","20823","550"
"2021-09-02 0:00:00","692969","662671","13574","16724","551"
"2021-09-03 0:00:00","693814","665012","13670","15132","552"
"2021-09-04 0:00:00","694359","667498","13795","13066","553"
"2021-09-05 0:00:00","694714","668302","13804","12608","554"
"2021-09-06 0:00:00","695119","670000","13984","11135","555"
"2021-09-07 0:00:00","695897","672849","14236","8812","556"
"2021-09-08 0:00:00","696587","673839","14423","8325","557"
"2021-09-09 0:00:00","697104","674551","14436","8117","558"
"2021-09-10 0:00:00","697644","675481","14444","7719","559"
"2021-09-11 0:00:00","698090","675777","14451","7862","560"
"2021-09-12 0:00:00","698657","676755","14455","7447","561"
"2021-09-13 0:00:00","698867","677460","14462","6945","562"
"2021-09-14 0:00:00","699185","678097","14479","6609","563"
"2021-09-15 0:00:00","699569","679085","14501","5983","564"
"2021-09-16 0:00:00","699915","679840","14510","5565","565"
"2021-09-17 0:00:00","700243","680219","14518","5506","566"
"2021-09-18 0:00:00","700481","680649","14524","5308","567"
"2021-09-19 0:00:00","700651","681271","14530","4850","568"
"2021-09-20 0:00:00","700767","681723","14540","4504","569"
"2021-09-21 0:00:00","701051","682288","14549","4214","570"
"2021-09-22 0:00:00","701262","682715","14562","3985","571"
"2021-09-23 0:00:00","701505","683088","14575","3842","572"
"2021-09-24 0:00:00","701721","683416","14588","3717","573"
"2021-09-25 0:00:00","701909","683630","14590","3689","574"
"2021-09-26 0:00:00","702066","683926","14596","3544","575"
"2021-09-27 0:00:00","702215","684355","14602","3258","576"
"2021-09-28 0:00:00","702420","684594","14608","3218","577"
"2021-09-29 0:00:00","702611","684931","14613","3067","578"
"2021-09-30 0:00:00","702772","685219","14624","2929","579"
"2021-10-01 0:00:00","702887","685387","14625","2875","580"
"2021-10-02 0:00:00","703043","685560","14627","2856","581"
"2021-10-03 0:00:00","703140","685789","14630","2721","582"
"2021-10-04 0:00:00","703214","686263","14637","2314","583"
"2021-10-05 0:00:00","703319","686536","14640","2143","584"
"2021-10-06 0:00:00","703423","686695","14644","2084","585"
"2021-10-07 0:00:00","703529","686813","14651","2065","586"
"2021-10-08 0:00:00","703636","686946","14652","2038","587"
"2021-10-09 0:00:00","703753","687069","14653","2031","588"
"2021-10-10 0:00:00","703816","687162","14655","1999","589"
"2021-10-11 0:00:00","703885","687307","14660","1918","590"
"2021-10-12 0:00:00","704012","687472","14662","1878","591"
"2021-10-13 0:00:00","704105","687696","14663","1746","592"
"2021-10-14 0:00:00","704207","687821","14663","1723","593"
"2021-10-15 0:00:00","704292","687921","14664","1707","594"
"2021-10-16 0:00:00","704400","687999","14665","1736","595"
"2021-10-17 0:00:00","704470","688081","14665","1724","596"
"2021-10-18 0:00:00","704537","688231","14667","1639","597"
"2021-10-19 0:00:00","704642","688495","14670","1477","598"
"2021-10-20 0:00:00","704764","688614","14673","1477","599"
"2021-10-21 0:00:00","704806","688827","14675","1304","600"
"2021-10-22 0:00:00","704939","689001","14680","1258","601"
"2021-10-23 0:00:00","705011","689072","14680","1259","602"
"2021-10-24 0:00:00","705088","689122","14682","1284","603"
"2021-10-25 0:00:00","705156","689285","14684","1187","604"
"2021-10-26 0:00:00","705234","689350","14685","1199","605"
"2021-10-27 0:00:00","705319","689441","14688","1190","606"
"2021-10-28 0:00:00","705430","689538","14693","1199","607"
"2021-10-29 0:00:00","705587","689623","14695","1269","608"
"2021-10-30 0:00:00","705729","689658","14695","1376","609"
"2021-10-31 0:00:00","705829","689711","14696","1422","610"
"2021-11-01 0:00:00","705875","689810","14697","1368","611"
"2021-11-02 0:00:00","705950","689866","14703","1381","612"
"2021-11-03 0:00:00","706125","689935","14705","1485","613"
"2021-11-04 0:00:00","706286","690068","14706","1512","614"
"2021-11-05 0:00:00","706378","690133","14708","1537","615"
"2021-11-06 0:00:00","706431","690149","14708","1574","616"
"2021-11-07 0:00:00","706530","690256","14708","1566","617"
"2021-11-08 0:00:00","706552","690367","14709","1476","618"
"2021-11-09 0:00:00","706614","690438","14710","1466","619"
"2021-11-10 0:00:00","706691","690488","14712","1491","620"
"2021-11-11 0:00:00","706740","690518","14713","1509","621"
"2021-11-12 0:00:00","706800","690598","14714","1488","622"
"2021-11-13 0:00:00","706849","690665","14716","1468","623"
"2021-11-14 0:00:00","706874","690701","14718","1455","624"
"2021-11-15 0:00:00","706901","690990","14718","1193","625"
"2021-11-16 0:00:00","706951","691086","14721","1144","626"
"2021-11-17 0:00:00","707111","691155","14723","1233","627"
"2021-11-18 0:00:00","707167","691216","14725","1226","628"
"2021-11-19 0:00:00","707235","691421","14727","1087","629"
"2021-11-20 0:00:00","707278","691440","14727","1111","630"
"2021-11-21 0:00:00","707314","691464","14729","1121","631"
"2021-11-22 0:00:00","707345","691546","14729","1070","632"
"2021-11-23 0:00:00","707403","691712","14729","962","633"
"2021-11-24 0:00:00","707488","691791","14731","966","634"
"2021-11-25 0:00:00","707532","691845","14731","956","635"
"2021-11-26 0:00:00","707628","691872","14731","1025","636"
"2021-11-27 0:00:00","707674","691903","14732","1039","637"
"2021-11-28 0:00:00","707699","691931","14732","1036","638"
"2021-11-29 0:00:00","707728","692025","14734","969","639"
"2021-11-30 0:00:00","707796","692082","14737","977","640"
"2021-12-01 0:00:00","707854","692157","14737","960","641"
"2021-12-02 0:00:00","707937","692211","14737","989","642"
"2021-12-03 0:00:00","707967","692252","14737","978","643"
"2021-12-04 0:00:00","708016","692319","14737","960","644"
"2021-12-05 0:00:00","708043","692383","14737","923","645"
"2021-12-06 0:00:00","708068","692467","14738","863","646"
"2021-12-07 0:00:00","708127","692569","14742","816","647"
"2021-12-08 0:00:00","708189","692649","14743","797","648"
"2021-12-09 0:00:00","708234","692685","14744","805","649"
"2021-12-10 0:00:00","708278","692724","14744","810","650"
"2021-12-11 0:00:00","708318","692742","14744","832","651"
"2021-12-12 0:00:00","708340","692756","14745","839","652"
"2021-12-13 0:00:00","708357","692807","14746","804","653"
"2021-12-14 0:00:00","708396","692885","14749","762","654"
"2021-12-15 0:00:00","708448","692942","14749","757","655"
"2021-12-16 0:00:00","708486","692979","14749","758","656"
"2021-12-17 0:00:00","708537","693024","14749","764","657"
"2021-12-18 0:00:00","708577","693061","14750","766","658"
"2021-12-19 0:00:00","708607","693072","14750","785","659"
"2021-12-20 0:00:00","708630","693137","14750","743","660"
"2021-12-21 0:00:00","708665","693196","14751","718","661"
"2021-12-22 0:00:00","708684","693259","14751","674","662"
"2021-12-23 0:00:00","708710","693312","14751","647","663"
"2021-12-24 0:00:00","708732","693337","14751","644","664"
"2021-12-25 0:00:00","708750","693357","14751","642","665"
"2021-12-26 0:00:00","708759","693390","14751","618","666"
"2021-12-27 0:00:00","708765","693437","14753","575","667"
"2021-12-28 0:00:00","708781","693461","14754","566","668"
"2021-12-29 0:00:00","708817","693507","14756","554","669"
"2021-12-30 0:00:00","708833","693526","14756","551","670"
"2021-12-31 0:00:00","708852","693571","14756","525","671"
"2022-01-01 0:00:00","708870","693582","14756","532","672"
"2022-01-02 0:00:00","708880","693617","14756","507","673"
"2022-01-03 0:00:00","708891","693633","14756","502","674"
"2022-01-04 0:00:00","708923","693656","14756","511","675"
"2022-01-05 0:00:00","708947","693684","14756","507","676"
"2022-01-06 0:00:00","708971","693711","14756","504","677"
"2022-01-07 0:00:00","709007","693729","14756","522","678"
"2022-01-08 0:00:00","709032","693746","14756","530","679"
"2022-01-09 0:00:00","709053","693776","14756","521","680"
"2022-01-10 0:00:00","709080","693813","14757","510","681"
"2022-01-11 0:00:00","709142","693831","14758","553","682"
"2022-01-12 0:00:00","709204","693856","14759","589","683"
"2022-01-13 0:00:00","709293","693867","14759","667","684"
"2022-01-14 0:00:00","709397","693878","14761","758","685"
"2022-01-15 0:00:00","709512","693895","14761","856","686"
"2022-01-16 0:00:00","709602","693921","14761","920","687"
"2022-01-17 0:00:00","709691","693938","14761","992","688"
"2022-01-18 0:00:00","709983","693973","14762","1248","689"
"2022-01-19 0:00:00","710307","693998","14764","1545","690"
"2022-01-20 0:00:00","710708","694022","14765","1921","691"
"2022-01-21 0:00:00","711213","694062","14765","2386","692"
"2022-01-22 0:00:00","711854","694085","14765","3004","693"
"2022-01-23 0:00:00","712339","694117","14768","3454","694"
"2022-01-24 0:00:00","712748","694172","14768","3808","695"
"2022-01-25 0:00:00","713986","694282","14771","4933","696"
"2022-01-26 0:00:00","715605","694990","14773","5842","697"
"2022-01-27 0:00:00","717349","695015","14774","7560","698"
"2022-01-28 0:00:00","719662","695173","14774","9715","699"
"2022-01-29 0:00:00","722187","695625","14774","11788","700"
"2022-01-30 0:00:00","724771","696160","14775","13836","701"
"2022-01-31 0:00:00","726857","696717","14777","15363","702"
"2022-02-01 0:00:00","731106","697586","14781","18739","703"
"2022-02-02 0:00:00","734845","697750","14782","22313","704"
"2022-02-03 0:00:00","742153","697963","14784","29406","705"
"2022-02-04 0:00:00","749843","698134","14786","36923","706"
"2022-02-05 0:00:00","757896","698379","14787","44730","707"
"2022-02-06 0:00:00","765499","698811","14789","51899","708"
"2022-02-07 0:00:00","770546","699431","14793","56322","709"
"2022-02-08 0:00:00","779588","700678","14796","64114","710"
"2022-02-09 0:00:00","790789","700943","14806","75040","711"
"2022-02-10 0:00:00","800192","703345","14815","82032","712"
"2022-02-11 0:00:00","809137","704935","14823","89379","713"
"2022-02-12 0:00:00","823243","706752","14828","101663","714"
"2022-02-13 0:00:00","833293","707997","14833","110463","715"
"2022-02-14 0:00:00","841626","710090","14838","116698","716"
"2022-02-15 0:00:00","855684","715829","14849","125006","717"
"2022-02-16 0:00:00","870880","721242","14864","134774","718"
"2022-02-17 0:00:00","887131","724372","14877","147882","719"
"2022-02-18 0:00:00","900911","728699","14891","157321","720"
"2022-02-19 0:00:00","913512","736008","14903","162601","721"
"2022-02-20 0:00:00","923922","740141","14913","168868","722"
"2022-02-21 0:00:00","932027","747124","14925","169978","723"
"2022-02-22 0:00:00","945685","753100","14943","177642","724"
"2022-02-23 0:00:00","959785","762777","14964","182044","725"
"2022-02-24 0:00:00","972722","769530","14988","188204","726"
"2022-02-25 0:00:00","983762","780054","15010","188698","727"
"2022-02-26 0:00:00","993540","792347","15033","186160","728"
"2022-02-27 0:00:00","999998","797832","15048","187118","729"
"2022-02-28 0:00:00","1003743","803690","15064","184989","730"
"2022-03-01 0:00:00","1008313","811010","15097","182206","731"
"2022-03-02 0:00:00","1016882","824269","15136","177477","732"
"2022-03-03 0:00:00","1024527","834936","15160","174431","733"
"2022-03-04 0:00:00","1029839","840388","15189","174262","734"
"2022-03-05 0:00:00","1036540","856499","15217","164824","735"
"2022-03-06 0:00:00","1041512","875017","15242","151253","736"
"2022-03-07 0:00:00","1045880","895922","15264","134694","737"
"2022-03-08 0:00:00","1053074","917923","15287","119864","738"
"2022-03-09 0:00:00","1058652","924133","15314","119205","739"
"2022-03-10 0:00:00","1063228","937311","15336","110581","740"
"2022-03-11 0:00:00","1066978","949295","15364","102319","741"
"2022-03-12 0:00:00","1070290","959361","15377","95552","742"
"2022-03-13 0:00:00","1072672","963429","15393","93850","743"
"2022-03-14 0:00:00","1074514","972992","15422","86100","744"
"2022-03-15 0:00:00","1077608","980181","15447","81980","745"
"2022-03-16 0:00:00","1080322","989911","15466","74945","746"
"2022-03-17 0:00:00","1082792","998428","15487","68877","747"
"2022-03-18 0:00:00","1084948","1006412","15499","63037","748"
"2022-03-19 0:00:00","1086668","1014890","15513","56265","749"
"2022-03-20 0:00:00","1087795","1018360","15523","53912","750"
"2022-03-21 0:00:00","1088802","1024075","15539","49188","751"
"2022-03-22 0:00:00","1090524","1028927","15552","46045","752"
"2022-03-23 0:00:00","1091786","1036088","15567","40131","753"
"2022-03-24 0:00:00","1093015","1038950","15576","38489","754"
"2022-03-25 0:00:00","1094143","1042039","15586","36518","755"
"2022-03-26 0:00:00","1095018","1044303","15593","35122","756"
"2022-03-27 0:00:00","1095704","1045664","15596","34444","757"
"2022-03-28 0:00:00","1096345","1048797","15602","31946","758"
"2022-03-29 0:00:00","1097273","1052125","15611","29537","759"
"2022-03-30 0:00:00","1098099","1053467","15620","29012","760"
"2022-03-31 0:00:00","1098776","1055157","15625","27994","761"
"2022-04-01 0:00:00","1099425","1057481","15635","26309","762"
"2022-04-02 0:00:00","1099888","1058227","15640","26021","763"
"2022-04-03 0:00:00","1100230","1058995","15643","25592","764"
"2022-04-04 0:00:00","1100512","1061491","15648","23373","765"
"2022-04-05 0:00:00","1100917","1063645","15654","21618","766"
"2022-04-06 0:00:00","1101349","1065659","15666","20024","767"
"2022-04-07 0:00:00","1101715","1068033","15669","18013","768"
"2022-04-08 0:00:00","1102049","1068439","15676","17934","769"
"2022-04-09 0:00:00","1102315","1069415","15678","17222","770"
"2022-04-10 0:00:00","1102548","1069813","15678","17057","771"
"2022-04-11 0:00:00","1102888","1070570","15688","16630","772"
"2022-04-12 0:00:00","1103195","1071162","15693","16340","773"
"2022-04-13 0:00:00","1103434","1072327","15693","15414","774"
"2022-04-14 0:00:00","1103663","1073026","15702","14935","775"
"2022-04-15 0:00:00","1103864","1073215","15706","14943","776"
"2022-04-16 0:00:00","1103963","1073609","15706","14648","777"
"2022-04-17 0:00:00","1104077","1073994","15710","14373","778"
"2022-04-18 0:00:00","1104201","1074634","15713","13854","779"
"2022-04-19 0:00:00","1104423","1074981","15720","13722","780"
"2022-04-20 0:00:00","1104581","1075393","15724","13464","781"
"2022-04-21 0:00:00","1104720","1077363","15731","11626","782"
"2022-04-22 0:00:00","1104832","1078346","15735","10751","783"
"2022-04-23 0:00:00","1104916","1079299","15737","9880","784"
"2022-04-24 0:00:00","1104976","1080521","15748","8707","785"
"2022-04-25 0:00:00","1105030","1083841","15751","5438","786"
"2022-04-26 0:00:00","1105134","1087088","15752","2294","787"
"2022-04-27 0:00:00","1105209","1087285","15759","2165","788"
"2022-04-28 0:00:00","1105281","1087448","15760","2073","789"
"2022-04-29 0:00:00","1105351","1087522","15763","2066","790"
"2022-04-30 0:00:00","1105397","1087628","15764","2005","791"
"2022-05-01 0:00:00","1105443","1087862","15765","1816","792"
"2022-05-02 0:00:00","1105458","1087910","15768","1780","793"
"2022-05-03 0:00:00","1105476","1088046","15768","1662","794"
"2022-05-04 0:00:00","1105502","1088062","15768","1672","795"
"2022-05-05 0:00:00","1105536","1088113","15769","1654","796"
"2022-05-06 0:00:00","1105567","1088153","15769","1645","797"
"2022-05-07 0:00:00","1105593","1088187","15771","1635","798"
"2022-05-08 0:00:00","1105638","1088269","15771","1598","799"
"2022-05-09 0:00:00","1105669","1088305","15773","1591","800"
"2022-05-10 0:00:00","1105767","1088527","15778","1462","801"
"2022-05-11 0:00:00","1105831","1088587","15778","1466","802"
"2022-05-12 0:00:00","1105885","1088651","15781","1453","803"
"2022-05-13 0:00:00","1105949","1088677","15782","1490","804"
"2022-05-14 0:00:00","1105988","1088695","15783","1510","805"
"2022-05-15 0:00:00","1106028","1088840","15784","1404","806"
"2022-05-16 0:00:00","1106043","1088872","15785","1386","807"
"2022-05-17 0:00:00","1106085","1089648","15795","642","808"
"2022-05-18 0:00:00","1106127","1089769","15800","558","809"
"2022-05-19 0:00:00","1106175","1089818","15803","554","810"
"2022-05-20 0:00:00","1106207","1089874","15803","530","811"
"2022-05-21 0:00:00","1106241","1089904","15805","532","812"
"2022-05-22 0:00:00","1106260","1089921","15805","534","813"
"2022-05-23 0:00:00","1106291","1090035","15807","449","814"
"2022-05-24 0:00:00","1106348","1090100","15809","439","815"
"2022-05-25 0:00:00","1106395","1090162","15810","423","816"
"2022-05-26 0:00:00","1106424","1090181","15811","432","817"
"2022-05-27 0:00:00","1106456","1090210","15813","433","818"
"2022-05-28 0:00:00","1106499","1090245","15818","436","819"
"2022-05-29 0:00:00","1106547","1090286","15818","443","820"
"2022-05-30 0:00:00","1106581","1090321","15822","438","821"
"2022-05-31 0:00:00","1106641","1090353","15824","464","822"
"2022-06-01 0:00:00","1106683","1090387","15824","472","823"
"2022-06-02 0:00:00","1106715","1090458","15825","432","824"
"2022-06-03 0:00:00","1106761","1090485","15825","451","825"
"2022-06-04 0:00:00","1106819","1090511","15827","481","826"
"2022-06-05 0:00:00","1106879","1090527","15828","524","827"
"2022-06-06 0:00:00","1106931","1090567","15829","535","828"
"2022-06-07 0:00:00","1107009","1090611","15829","569","829"
"2022-06-08 0:00:00","1107092","1090654","15829","609","830"
"2022-06-09 0:00:00","1107178","1090684","15834","660","831"
"2022-06-10 0:00:00","1107284","1090721","15834","729","832"
"2022-06-11 0:00:00","1107376","1090744","15835","797","833"
"2022-06-12 0:00:00","1107453","1090768","15836","849","834"
"2022-06-13 0:00:00","1107533","1090804","15839","890","835"
"2022-06-14 0:00:00","1107695","1090866","15839","990","836"
"2022-06-15 0:00:00","1107911","1091009","15846","1056","837"
"2022-06-16 0:00:00","1108069","1091075","15847","1147","838"
"2022-06-17 0:00:00","1108277","1091131","15848","1298","839"
"2022-06-18 0:00:00","1108477","1091195","15849","1433","840"
"2022-06-19 0:00:00","1108639","1091255","15849","1535","841"
"2022-06-20 0:00:00","1108823","1091348","15854","1621","842"
"2022-06-21 0:00:00","1109114","1091440","15854","1820","843"
